{
  "required": true,
  "minVersion": "0.8",
  "package": "net.vulkanmod.mixin",
  "compatibilityLevel": "JAVA_16",
  "mixins": [
  ],
  "client": [
    "debug.DebugHudM",
    "debug.GlDebugInfoM",
    "render.BakedQuadFactoryM",
    "render.BufferBuilderM",
    "render.BufferRendererM",
    "render.VertexBufferM",
    "render.VertexConsumerM",
    "screen.EnchantmentScreenM",
    "texture.MAbstractTexture",
    "texture.MDynamicTexture",
    "texture.MFontTexture",
    "texture.MLightMap",
    "texture.MOverlayTexture",
    "texture.MPlayerSkinTexture",
    "texture.MSimpleTexture",
    "texture.MSpriteAtlasTexture",
    "texture.MTextureManager",
    "texture.VNativeImage",
    "util.Matrix4fM",
    "util.ScreenshotRecorderM",
    "FramebufferMixin",
    "GameRendererMixin",
    "GlProgramManagerMixin",
    "GlStateManagerM",
    "IntTypeMixin",
    "MinecraftClientMixin",
    "ModelLoaderM",
    "RenderSystemMixin",
    "ShaderMixin",
    "SplashOverlayM",
    "VertexFormatMixin",
    "WindowFramebufferMixin",
    "WindowMixin",
    "WorldRendererMixin"
  ],
  "injectors": {
    "defaultRequire": 1
  }
}
